problem_id,dataset,model,status,runtime,objective_value,target_value,correct,var_match,bin_match,cons_match,errors
mamo_1,mamo_easy,Qwen/Qwen3-8B,No Code Generated,0.0,,10000.0,False,False,False,False,Agent output did not contain python tags.
mamo_2,mamo_easy,Qwen/Qwen3-8B,No Code Generated,0.0,,8350.0,False,False,False,False,Agent output did not contain python tags.
mamo_3,mamo_easy,Qwen/Qwen3-8B,Exception,0.0,,168.0,False,False,False,False,[Errno 2] No such file or directory: 'python'
mamo_4,mamo_easy,Qwen/Qwen3-8B,No Code Generated,0.0,,1200.0,False,False,False,False,Agent output did not contain python tags.
mamo_5,mamo_easy,Qwen/Qwen3-8B,No Code Generated,0.0,,450000.0,False,False,False,False,Agent output did not contain python tags.
mamo_6,mamo_easy,Qwen/Qwen3-8B,Exception,0.0,,10000.0,False,False,False,False,[Errno 2] No such file or directory: 'python'
mamo_7,mamo_easy,Qwen/Qwen3-8B,No Code Generated,0.0,,3000.0,False,False,False,False,Agent output did not contain python tags.
mamo_8,mamo_easy,Qwen/Qwen3-8B,Exception,0.0,,50000.0,False,False,False,False,[Errno 2] No such file or directory: 'python'
mamo_9,mamo_easy,Qwen/Qwen3-8B,Exception,0.0,,150.0,False,False,False,False,[Errno 2] No such file or directory: 'python'
mamo_10,mamo_easy,Qwen/Qwen3-8B,Exception,0.0,,40020.0,False,False,False,False,[Errno 2] No such file or directory: 'python'
mamo_11,mamo_easy,Qwen/Qwen3-8B,No Code Generated,0.0,,20.0,False,False,False,False,Agent output did not contain python tags.
mamo_12,mamo_easy,Qwen/Qwen3-8B,No Code Generated,0.0,,20.0,False,False,False,False,Agent output did not contain python tags.
mamo_13,mamo_easy,Qwen/Qwen3-8B,Exception,0.0,,125.0,False,False,False,False,[Errno 2] No such file or directory: 'python'
mamo_14,mamo_easy,Qwen/Qwen3-8B,Exception,0.0,,16.0,False,False,False,False,[Errno 2] No such file or directory: 'python'
mamo_15,mamo_easy,Qwen/Qwen3-8B,No Code Generated,0.0,,250000.0,False,False,False,False,Agent output did not contain python tags.
mamo_16,mamo_easy,Qwen/Qwen3-8B,No Code Generated,0.0,,9.0,False,False,False,False,Agent output did not contain python tags.
mamo_17,mamo_easy,Qwen/Qwen3-8B,No Code Generated,0.0,,150.0,False,False,False,False,Agent output did not contain python tags.
mamo_18,mamo_easy,Qwen/Qwen3-8B,No Code Generated,0.0,,1200.0,False,False,False,False,Agent output did not contain python tags.
mamo_19,mamo_easy,Qwen/Qwen3-8B,No Code Generated,0.0,,56250.0,False,False,False,False,Agent output did not contain python tags.
mamo_20,mamo_easy,Qwen/Qwen3-8B,No Code Generated,0.0,,65.0,False,False,False,False,Agent output did not contain python tags.
mamo_21,mamo_easy,Qwen/Qwen3-8B,No Code Generated,0.0,,500.0,False,False,False,False,Agent output did not contain python tags.
mamo_22,mamo_easy,Qwen/Qwen3-8B,No Code Generated,0.0,,3230000.0,False,False,False,False,Agent output did not contain python tags.
mamo_23,mamo_easy,Qwen/Qwen3-8B,Exception,0.0,,3350.0,False,False,False,False,[Errno 2] No such file or directory: 'python'
mamo_24,mamo_easy,Qwen/Qwen3-8B,No Code Generated,0.0,,60000.0,False,False,False,False,Agent output did not contain python tags.
mamo_25,mamo_easy,Qwen/Qwen3-8B,No Code Generated,0.0,,28.0,False,False,False,False,Agent output did not contain python tags.
mamo_26,mamo_easy,Qwen/Qwen3-8B,No Code Generated,0.0,,350.0,False,False,False,False,Agent output did not contain python tags.
mamo_27,mamo_easy,Qwen/Qwen3-8B,No Code Generated,0.0,,1200.0,False,False,False,False,Agent output did not contain python tags.
mamo_28,mamo_easy,Qwen/Qwen3-8B,No Code Generated,0.0,,1068.0,False,False,False,False,Agent output did not contain python tags.
mamo_29,mamo_easy,Qwen/Qwen3-8B,Exception,0.0,,50.0,False,False,False,False,[Errno 2] No such file or directory: 'python'
mamo_30,mamo_easy,Qwen/Qwen3-8B,Exception,0.0,,24.0,False,False,False,False,[Errno 2] No such file or directory: 'python'
mamo_31,mamo_easy,Qwen/Qwen3-8B,No Code Generated,0.0,,68.0,False,False,False,False,Agent output did not contain python tags.
mamo_32,mamo_easy,Qwen/Qwen3-8B,No Code Generated,0.0,,3500.0,False,False,False,False,Agent output did not contain python tags.
mamo_33,mamo_easy,Qwen/Qwen3-8B,No Code Generated,0.0,,38000.0,False,False,False,False,Agent output did not contain python tags.
mamo_34,mamo_easy,Qwen/Qwen3-8B,No Code Generated,0.0,,117.15,False,False,False,False,Agent output did not contain python tags.
mamo_35,mamo_easy,Qwen/Qwen3-8B,No Code Generated,0.0,,340.0,False,False,False,False,Agent output did not contain python tags.
mamo_36,mamo_easy,Qwen/Qwen3-8B,No Code Generated,0.0,,102000.0,False,False,False,False,Agent output did not contain python tags.
mamo_37,mamo_easy,Qwen/Qwen3-8B,Exception,0.0,,67000.0,False,False,False,False,[Errno 2] No such file or directory: 'python'
mamo_38,mamo_easy,Qwen/Qwen3-8B,Exception,0.0,,83335.0,False,False,False,False,[Errno 2] No such file or directory: 'python'
mamo_39,mamo_easy,Qwen/Qwen3-8B,No Code Generated,0.0,,70000.0,False,False,False,False,Agent output did not contain python tags.
mamo_40,mamo_easy,Qwen/Qwen3-8B,No Code Generated,0.0,,7500.0,False,False,False,False,Agent output did not contain python tags.
mamo_41,mamo_easy,Qwen/Qwen3-8B,Exception,0.0,,2500.0,False,False,False,False,[Errno 2] No such file or directory: 'python'
mamo_42,mamo_easy,Qwen/Qwen3-8B,No Code Generated,0.0,,130.0,False,False,False,False,Agent output did not contain python tags.
mamo_43,mamo_easy,Qwen/Qwen3-8B,Exception,0.0,,12.0,False,False,False,False,[Errno 2] No such file or directory: 'python'
mamo_44,mamo_easy,Qwen/Qwen3-8B,Exception,0.0,,20.0,False,False,False,False,[Errno 2] No such file or directory: 'python'
mamo_45,mamo_easy,Qwen/Qwen3-8B,Exception,0.0,,40.0,False,False,False,False,[Errno 2] No such file or directory: 'python'
mamo_46,mamo_easy,Qwen/Qwen3-8B,No Code Generated,0.0,,500.0,False,False,False,False,Agent output did not contain python tags.
mamo_47,mamo_easy,Qwen/Qwen3-8B,Exception,0.0,,70.0,False,False,False,False,[Errno 2] No such file or directory: 'python'
mamo_48,mamo_easy,Qwen/Qwen3-8B,No Code Generated,0.0,,5000.0,False,False,False,False,Agent output did not contain python tags.
mamo_49,mamo_easy,Qwen/Qwen3-8B,No Code Generated,0.0,,19.0,False,False,False,False,Agent output did not contain python tags.
mamo_50,mamo_easy,Qwen/Qwen3-8B,No Code Generated,0.0,,90.0,False,False,False,False,Agent output did not contain python tags.
mamo_51,mamo_easy,Qwen/Qwen3-8B,Exception,0.0,,100.0,False,False,False,False,[Errno 2] No such file or directory: 'python'
mamo_52,mamo_easy,Qwen/Qwen3-8B,No Code Generated,0.0,,250.0,False,False,False,False,Agent output did not contain python tags.
mamo_53,mamo_easy,Qwen/Qwen3-8B,No Code Generated,0.0,,1300.0,False,False,False,False,Agent output did not contain python tags.
mamo_54,mamo_easy,Qwen/Qwen3-8B,Exception,0.0,,1500.0,False,False,False,False,[Errno 2] No such file or directory: 'python'
mamo_55,mamo_easy,Qwen/Qwen3-8B,No Code Generated,0.0,,19.0,False,False,False,False,Agent output did not contain python tags.
mamo_56,mamo_easy,Qwen/Qwen3-8B,Exception,0.0,,10000.0,False,False,False,False,[Errno 2] No such file or directory: 'python'
mamo_57,mamo_easy,Qwen/Qwen3-8B,Exception,0.0,,500.0,False,False,False,False,[Errno 2] No such file or directory: 'python'
mamo_58,mamo_easy,Qwen/Qwen3-8B,No Code Generated,0.0,,1000.0,False,False,False,False,Agent output did not contain python tags.
mamo_59,mamo_easy,Qwen/Qwen3-8B,No Code Generated,0.0,,420.0,False,False,False,False,Agent output did not contain python tags.
mamo_60,mamo_easy,Qwen/Qwen3-8B,No Code Generated,0.0,,16.0,False,False,False,False,Agent output did not contain python tags.
mamo_61,mamo_easy,Qwen/Qwen3-8B,No Code Generated,0.0,,15000.0,False,False,False,False,Agent output did not contain python tags.
mamo_62,mamo_easy,Qwen/Qwen3-8B,Exception,0.0,,150.0,False,False,False,False,[Errno 2] No such file or directory: 'python'
mamo_63,mamo_easy,Qwen/Qwen3-8B,Exception,0.0,,500.0,False,False,False,False,[Errno 2] No such file or directory: 'python'
mamo_64,mamo_easy,Qwen/Qwen3-8B,No Code Generated,0.0,,500.0,False,False,False,False,Agent output did not contain python tags.
mamo_65,mamo_easy,Qwen/Qwen3-8B,Exception,0.0,,466700.0,False,False,False,False,[Errno 2] No such file or directory: 'python'
mamo_66,mamo_easy,Qwen/Qwen3-8B,No Code Generated,0.0,,60000.0,False,False,False,False,Agent output did not contain python tags.
mamo_67,mamo_easy,Qwen/Qwen3-8B,Exception,0.0,,1650.0,False,False,False,False,[Errno 2] No such file or directory: 'python'
mamo_68,mamo_easy,Qwen/Qwen3-8B,No Code Generated,0.0,,600.0,False,False,False,False,Agent output did not contain python tags.
mamo_69,mamo_easy,Qwen/Qwen3-8B,No Code Generated,0.0,,130.0,False,False,False,False,Agent output did not contain python tags.
mamo_70,mamo_easy,Qwen/Qwen3-8B,No Code Generated,0.0,,500.0,False,False,False,False,Agent output did not contain python tags.
mamo_71,mamo_easy,Qwen/Qwen3-8B,No Code Generated,0.0,,60.0,False,False,False,False,Agent output did not contain python tags.
mamo_72,mamo_easy,Qwen/Qwen3-8B,No Code Generated,0.0,,1340.0,False,False,False,False,Agent output did not contain python tags.
mamo_73,mamo_easy,Qwen/Qwen3-8B,No Code Generated,0.0,,500.0,False,False,False,False,Agent output did not contain python tags.
mamo_74,mamo_easy,Qwen/Qwen3-8B,No Code Generated,0.0,,1000.0,False,False,False,False,Agent output did not contain python tags.
mamo_75,mamo_easy,Qwen/Qwen3-8B,No Code Generated,0.0,,700.0,False,False,False,False,Agent output did not contain python tags.
mamo_76,mamo_easy,Qwen/Qwen3-8B,No Code Generated,0.0,,12.0,False,False,False,False,Agent output did not contain python tags.
mamo_77,mamo_easy,Qwen/Qwen3-8B,Exception,0.0,,38000.0,False,False,False,False,[Errno 2] No such file or directory: 'python'
mamo_78,mamo_easy,Qwen/Qwen3-8B,Exception,0.0,,1200.0,False,False,False,False,[Errno 2] No such file or directory: 'python'
mamo_79,mamo_easy,Qwen/Qwen3-8B,No Code Generated,0.0,,20000.0,False,False,False,False,Agent output did not contain python tags.
mamo_80,mamo_easy,Qwen/Qwen3-8B,No Code Generated,0.0,,5000.0,False,False,False,False,Agent output did not contain python tags.
mamo_81,mamo_easy,Qwen/Qwen3-8B,No Code Generated,0.0,,210.0,False,False,False,False,Agent output did not contain python tags.
mamo_82,mamo_easy,Qwen/Qwen3-8B,Exception,0.0,,44000.0,False,False,False,False,[Errno 2] No such file or directory: 'python'
mamo_83,mamo_easy,Qwen/Qwen3-8B,No Code Generated,0.0,,8335.0,False,False,False,False,Agent output did not contain python tags.
mamo_84,mamo_easy,Qwen/Qwen3-8B,No Code Generated,0.0,,10.0,False,False,False,False,Agent output did not contain python tags.
mamo_85,mamo_easy,Qwen/Qwen3-8B,No Code Generated,0.0,,80.0,False,False,False,False,Agent output did not contain python tags.
mamo_86,mamo_easy,Qwen/Qwen3-8B,No Code Generated,0.0,,50.0,False,False,False,False,Agent output did not contain python tags.
mamo_87,mamo_easy,Qwen/Qwen3-8B,No Code Generated,0.0,,92.0,False,False,False,False,Agent output did not contain python tags.
mamo_88,mamo_easy,Qwen/Qwen3-8B,No Code Generated,0.0,,17.0,False,False,False,False,Agent output did not contain python tags.
mamo_89,mamo_easy,Qwen/Qwen3-8B,No Code Generated,0.0,,64.0,False,False,False,False,Agent output did not contain python tags.
mamo_90,mamo_easy,Qwen/Qwen3-8B,No Code Generated,0.0,,68.0,False,False,False,False,Agent output did not contain python tags.
mamo_91,mamo_easy,Qwen/Qwen3-8B,Exception,0.0,,2000.0,False,False,False,False,[Errno 2] No such file or directory: 'python'
mamo_92,mamo_easy,Qwen/Qwen3-8B,No Code Generated,0.0,,1734.0,False,False,False,False,Agent output did not contain python tags.
mamo_93,mamo_easy,Qwen/Qwen3-8B,No Code Generated,0.0,,200.0,False,False,False,False,Agent output did not contain python tags.
mamo_94,mamo_easy,Qwen/Qwen3-8B,No Code Generated,0.0,,960.0,False,False,False,False,Agent output did not contain python tags.
mamo_95,mamo_easy,Qwen/Qwen3-8B,No Code Generated,0.0,,3000.0,False,False,False,False,Agent output did not contain python tags.
mamo_96,mamo_easy,Qwen/Qwen3-8B,No Code Generated,0.0,,1250.0,False,False,False,False,Agent output did not contain python tags.
mamo_97,mamo_easy,Qwen/Qwen3-8B,No Code Generated,0.0,,50.0,False,False,False,False,Agent output did not contain python tags.
mamo_98,mamo_easy,Qwen/Qwen3-8B,No Code Generated,0.0,,500000.0,False,False,False,False,Agent output did not contain python tags.
mamo_99,mamo_easy,Qwen/Qwen3-8B,No Code Generated,0.0,,20000.0,False,False,False,False,Agent output did not contain python tags.
mamo_100,mamo_easy,Qwen/Qwen3-8B,No Code Generated,0.0,,20000.0,False,False,False,False,Agent output did not contain python tags.
mamo_1,mamo_complex,Qwen/Qwen3-8B,Exception,0.0,,57.0,False,False,False,False,[Errno 2] No such file or directory: 'python'
mamo_2,mamo_complex,Qwen/Qwen3-8B,Exception,0.0,,72.0,False,False,False,False,[Errno 2] No such file or directory: 'python'
mamo_3,mamo_complex,Qwen/Qwen3-8B,Exception,0.0,,32.0,False,False,False,False,[Errno 2] No such file or directory: 'python'
mamo_4,mamo_complex,Qwen/Qwen3-8B,Exception,0.0,,22.0,False,False,False,False,[Errno 2] No such file or directory: 'python'
mamo_5,mamo_complex,Qwen/Qwen3-8B,Exception,0.0,,29.0,False,False,False,False,[Errno 2] No such file or directory: 'python'
mamo_6,mamo_complex,Qwen/Qwen3-8B,Exception,0.0,,26.0,False,False,False,False,[Errno 2] No such file or directory: 'python'
mamo_7,mamo_complex,Qwen/Qwen3-8B,No Code Generated,0.0,,13.0,False,False,False,False,Agent output did not contain python tags.
mamo_8,mamo_complex,Qwen/Qwen3-8B,Exception,0.0,,10.0,False,False,False,False,[Errno 2] No such file or directory: 'python'
mamo_9,mamo_complex,Qwen/Qwen3-8B,Exception,0.0,,18.0,False,False,False,False,[Errno 2] No such file or directory: 'python'
mamo_10,mamo_complex,Qwen/Qwen3-8B,Exception,0.0,,9.0,False,False,False,False,[Errno 2] No such file or directory: 'python'
mamo_11,mamo_complex,Qwen/Qwen3-8B,No Code Generated,0.0,,18.0,False,False,False,False,Agent output did not contain python tags.
mamo_12,mamo_complex,Qwen/Qwen3-8B,Exception,0.0,,49.0,False,False,False,False,[Errno 2] No such file or directory: 'python'
mamo_13,mamo_complex,Qwen/Qwen3-8B,Exception,0.0,,27.0,False,False,False,False,[Errno 2] No such file or directory: 'python'
mamo_14,mamo_complex,Qwen/Qwen3-8B,Exception,0.0,,14.0,False,False,False,False,[Errno 2] No such file or directory: 'python'
mamo_15,mamo_complex,Qwen/Qwen3-8B,Exception,0.0,,40.0,False,False,False,False,[Errno 2] No such file or directory: 'python'
mamo_16,mamo_complex,Qwen/Qwen3-8B,No Code Generated,0.0,,18.0,False,False,False,False,Agent output did not contain python tags.
mamo_17,mamo_complex,Qwen/Qwen3-8B,Exception,0.0,,47.0,False,False,False,False,[Errno 2] No such file or directory: 'python'
mamo_18,mamo_complex,Qwen/Qwen3-8B,No Code Generated,0.0,,22.0,False,False,False,False,Agent output did not contain python tags.
mamo_19,mamo_complex,Qwen/Qwen3-8B,Exception,0.0,,14.0,False,False,False,False,[Errno 2] No such file or directory: 'python'
mamo_20,mamo_complex,Qwen/Qwen3-8B,Exception,0.0,,11.0,False,False,False,False,[Errno 2] No such file or directory: 'python'
mamo_21,mamo_complex,Qwen/Qwen3-8B,Exception,0.0,,22.0,False,False,False,False,[Errno 2] No such file or directory: 'python'
mamo_22,mamo_complex,Qwen/Qwen3-8B,Exception,0.0,,30.0,False,False,False,False,[Errno 2] No such file or directory: 'python'
mamo_23,mamo_complex,Qwen/Qwen3-8B,No Code Generated,0.0,,24.0,False,False,False,False,Agent output did not contain python tags.
mamo_24,mamo_complex,Qwen/Qwen3-8B,Exception,0.0,,24.0,False,False,False,False,[Errno 2] No such file or directory: 'python'
mamo_25,mamo_complex,Qwen/Qwen3-8B,Exception,0.0,,16.0,False,False,False,False,[Errno 2] No such file or directory: 'python'
mamo_26,mamo_complex,Qwen/Qwen3-8B,No Code Generated,0.0,,31.0,False,False,False,False,Agent output did not contain python tags.
mamo_27,mamo_complex,Qwen/Qwen3-8B,Exception,0.0,,10.0,False,False,False,False,[Errno 2] No such file or directory: 'python'
mamo_28,mamo_complex,Qwen/Qwen3-8B,No Code Generated,0.0,,28.0,False,False,False,False,Agent output did not contain python tags.
mamo_29,mamo_complex,Qwen/Qwen3-8B,Exception,0.0,,18.0,False,False,False,False,[Errno 2] No such file or directory: 'python'
mamo_30,mamo_complex,Qwen/Qwen3-8B,Exception,0.0,,31.0,False,False,False,False,[Errno 2] No such file or directory: 'python'
mamo_31,mamo_complex,Qwen/Qwen3-8B,Exception,0.0,,31.0,False,False,False,False,[Errno 2] No such file or directory: 'python'
mamo_32,mamo_complex,Qwen/Qwen3-8B,Exception,0.0,,17.0,False,False,False,False,[Errno 2] No such file or directory: 'python'
mamo_33,mamo_complex,Qwen/Qwen3-8B,No Code Generated,0.0,,44.0,False,False,False,False,Agent output did not contain python tags.
mamo_34,mamo_complex,Qwen/Qwen3-8B,Exception,0.0,,54.0,False,False,False,False,[Errno 2] No such file or directory: 'python'
mamo_35,mamo_complex,Qwen/Qwen3-8B,Exception,0.0,,26.0,False,False,False,False,[Errno 2] No such file or directory: 'python'
mamo_36,mamo_complex,Qwen/Qwen3-8B,Exception,0.0,,14.0,False,False,False,False,[Errno 2] No such file or directory: 'python'
mamo_37,mamo_complex,Qwen/Qwen3-8B,Exception,0.0,,47.0,False,False,False,False,[Errno 2] No such file or directory: 'python'
mamo_38,mamo_complex,Qwen/Qwen3-8B,Exception,0.0,,18.0,False,False,False,False,[Errno 2] No such file or directory: 'python'
mamo_39,mamo_complex,Qwen/Qwen3-8B,No Code Generated,0.0,,15.0,False,False,False,False,Agent output did not contain python tags.
mamo_40,mamo_complex,Qwen/Qwen3-8B,Exception,0.0,,24.0,False,False,False,False,[Errno 2] No such file or directory: 'python'
mamo_41,mamo_complex,Qwen/Qwen3-8B,No Code Generated,0.0,,2114.0,False,False,False,False,Agent output did not contain python tags.
mamo_42,mamo_complex,Qwen/Qwen3-8B,No Code Generated,0.0,,8090.0,False,False,False,False,Agent output did not contain python tags.
mamo_43,mamo_complex,Qwen/Qwen3-8B,Exception,0.0,,5213.0,False,False,False,False,[Errno 2] No such file or directory: 'python'
mamo_44,mamo_complex,Qwen/Qwen3-8B,No Code Generated,0.0,,545.0,False,False,False,False,Agent output did not contain python tags.
mamo_45,mamo_complex,Qwen/Qwen3-8B,No Code Generated,0.0,,6783.0,False,False,False,False,Agent output did not contain python tags.
mamo_46,mamo_complex,Qwen/Qwen3-8B,No Code Generated,0.0,,4813.0,False,False,False,False,Agent output did not contain python tags.
mamo_47,mamo_complex,Qwen/Qwen3-8B,No Code Generated,0.0,,6218.0,False,False,False,False,Agent output did not contain python tags.
mamo_48,mamo_complex,Qwen/Qwen3-8B,No Code Generated,0.0,,715.0,False,False,False,False,Agent output did not contain python tags.
mamo_49,mamo_complex,Qwen/Qwen3-8B,No Code Generated,0.0,,7084.0,False,False,False,False,Agent output did not contain python tags.
mamo_50,mamo_complex,Qwen/Qwen3-8B,Exception,0.0,,4172.0,False,False,False,False,[Errno 2] No such file or directory: 'python'
mamo_51,mamo_complex,Qwen/Qwen3-8B,No Code Generated,0.0,,3609.0,False,False,False,False,Agent output did not contain python tags.
mamo_52,mamo_complex,Qwen/Qwen3-8B,No Code Generated,0.0,,247.0,False,False,False,False,Agent output did not contain python tags.
mamo_53,mamo_complex,Qwen/Qwen3-8B,Exception,0.0,,13079.0,False,False,False,False,[Errno 2] No such file or directory: 'python'
mamo_54,mamo_complex,Qwen/Qwen3-8B,No Code Generated,0.0,,956.0,False,False,False,False,Agent output did not contain python tags.
mamo_55,mamo_complex,Qwen/Qwen3-8B,No Code Generated,0.0,,1600.0,False,False,False,False,Agent output did not contain python tags.
mamo_56,mamo_complex,Qwen/Qwen3-8B,No Code Generated,0.0,,2041.0,False,False,False,False,Agent output did not contain python tags.
mamo_57,mamo_complex,Qwen/Qwen3-8B,No Code Generated,0.0,,1494.0,False,False,False,False,Agent output did not contain python tags.
mamo_58,mamo_complex,Qwen/Qwen3-8B,No Code Generated,0.0,,1490.0,False,False,False,False,Agent output did not contain python tags.
mamo_59,mamo_complex,Qwen/Qwen3-8B,Exception,0.0,,1324.0,False,False,False,False,[Errno 2] No such file or directory: 'python'
mamo_60,mamo_complex,Qwen/Qwen3-8B,Exception,0.0,,213.0,False,False,False,False,[Errno 2] No such file or directory: 'python'
mamo_61,mamo_complex,Qwen/Qwen3-8B,No Code Generated,0.0,,60.0,False,False,False,False,Agent output did not contain python tags.
mamo_62,mamo_complex,Qwen/Qwen3-8B,Exception,0.0,,142.0,False,False,False,False,[Errno 2] No such file or directory: 'python'
mamo_63,mamo_complex,Qwen/Qwen3-8B,No Code Generated,0.0,,50.0,False,False,False,False,Agent output did not contain python tags.
mamo_64,mamo_complex,Qwen/Qwen3-8B,No Code Generated,0.0,,173.0,False,False,False,False,Agent output did not contain python tags.
mamo_65,mamo_complex,Qwen/Qwen3-8B,No Code Generated,0.0,,194.0,False,False,False,False,Agent output did not contain python tags.
mamo_66,mamo_complex,Qwen/Qwen3-8B,Exception,0.0,,206.0,False,False,False,False,[Errno 2] No such file or directory: 'python'
mamo_67,mamo_complex,Qwen/Qwen3-8B,Exception,0.0,,228.0,False,False,False,False,[Errno 2] No such file or directory: 'python'
mamo_68,mamo_complex,Qwen/Qwen3-8B,Exception,0.0,,257.0,False,False,False,False,[Errno 2] No such file or directory: 'python'
mamo_69,mamo_complex,Qwen/Qwen3-8B,Exception,0.0,,158.0,False,False,False,False,[Errno 2] No such file or directory: 'python'
mamo_70,mamo_complex,Qwen/Qwen3-8B,No Code Generated,0.0,,162.0,False,False,False,False,Agent output did not contain python tags.
mamo_71,mamo_complex,Qwen/Qwen3-8B,Exception,0.0,,138.0,False,False,False,False,[Errno 2] No such file or directory: 'python'
mamo_72,mamo_complex,Qwen/Qwen3-8B,Exception,0.0,,138.0,False,False,False,False,[Errno 2] No such file or directory: 'python'
mamo_73,mamo_complex,Qwen/Qwen3-8B,Exception,0.0,,140.0,False,False,False,False,[Errno 2] No such file or directory: 'python'
mamo_74,mamo_complex,Qwen/Qwen3-8B,Exception,0.0,,158.0,False,False,False,False,[Errno 2] No such file or directory: 'python'
mamo_75,mamo_complex,Qwen/Qwen3-8B,No Code Generated,0.0,,240.0,False,False,False,False,Agent output did not contain python tags.
mamo_76,mamo_complex,Qwen/Qwen3-8B,Exception,0.0,,206.0,False,False,False,False,[Errno 2] No such file or directory: 'python'
mamo_77,mamo_complex,Qwen/Qwen3-8B,No Code Generated,0.0,,165.0,False,False,False,False,Agent output did not contain python tags.
mamo_78,mamo_complex,Qwen/Qwen3-8B,No Code Generated,0.0,,248.0,False,False,False,False,Agent output did not contain python tags.
mamo_79,mamo_complex,Qwen/Qwen3-8B,Exception,0.0,,242.0,False,False,False,False,[Errno 2] No such file or directory: 'python'
mamo_80,mamo_complex,Qwen/Qwen3-8B,No Code Generated,0.0,,241.0,False,False,False,False,Agent output did not contain python tags.
mamo_81,mamo_complex,Qwen/Qwen3-8B,Exception,0.0,,140.0,False,False,False,False,[Errno 2] No such file or directory: 'python'
mamo_82,mamo_complex,Qwen/Qwen3-8B,Exception,0.0,,199.0,False,False,False,False,[Errno 2] No such file or directory: 'python'
mamo_83,mamo_complex,Qwen/Qwen3-8B,No Code Generated,0.0,,138.0,False,False,False,False,Agent output did not contain python tags.
mamo_84,mamo_complex,Qwen/Qwen3-8B,No Code Generated,0.0,,203.0,False,False,False,False,Agent output did not contain python tags.
mamo_85,mamo_complex,Qwen/Qwen3-8B,No Code Generated,0.0,,210.0,False,False,False,False,Agent output did not contain python tags.
mamo_86,mamo_complex,Qwen/Qwen3-8B,Exception,0.0,,252.0,False,False,False,False,[Errno 2] No such file or directory: 'python'
mamo_87,mamo_complex,Qwen/Qwen3-8B,Exception,0.0,,212.0,False,False,False,False,[Errno 2] No such file or directory: 'python'
mamo_88,mamo_complex,Qwen/Qwen3-8B,Exception,0.0,,204.0,False,False,False,False,[Errno 2] No such file or directory: 'python'
mamo_89,mamo_complex,Qwen/Qwen3-8B,Exception,0.0,,134.0,False,False,False,False,[Errno 2] No such file or directory: 'python'
mamo_90,mamo_complex,Qwen/Qwen3-8B,Exception,0.0,,275.0,False,False,False,False,[Errno 2] No such file or directory: 'python'
mamo_91,mamo_complex,Qwen/Qwen3-8B,No Code Generated,0.0,,124.0,False,False,False,False,Agent output did not contain python tags.
mamo_92,mamo_complex,Qwen/Qwen3-8B,Exception,0.0,,148.0,False,False,False,False,[Errno 2] No such file or directory: 'python'
mamo_93,mamo_complex,Qwen/Qwen3-8B,Exception,0.0,,192.0,False,False,False,False,[Errno 2] No such file or directory: 'python'
mamo_94,mamo_complex,Qwen/Qwen3-8B,Exception,0.0,,160.0,False,False,False,False,[Errno 2] No such file or directory: 'python'
mamo_95,mamo_complex,Qwen/Qwen3-8B,No Code Generated,0.0,,242.0,False,False,False,False,Agent output did not contain python tags.
mamo_96,mamo_complex,Qwen/Qwen3-8B,No Code Generated,0.0,,146.0,False,False,False,False,Agent output did not contain python tags.
mamo_97,mamo_complex,Qwen/Qwen3-8B,Exception,0.0,,162.0,False,False,False,False,[Errno 2] No such file or directory: 'python'
mamo_98,mamo_complex,Qwen/Qwen3-8B,No Code Generated,0.0,,56.0,False,False,False,False,Agent output did not contain python tags.
mamo_99,mamo_complex,Qwen/Qwen3-8B,Exception,0.0,,150.0,False,False,False,False,[Errno 2] No such file or directory: 'python'
mamo_100,mamo_complex,Qwen/Qwen3-8B,No Code Generated,0.0,,46.0,False,False,False,False,Agent output did not contain python tags.
nl4opt_0,nl4opt,Qwen/Qwen3-8B,No Code Generated,0.0,,1.0,False,False,False,False,Agent output did not contain python tags.
nl4opt_1,nl4opt,Qwen/Qwen3-8B,Exception,0.0,,1.0,False,False,False,False,[Errno 2] No such file or directory: 'python'
nl4opt_2,nl4opt,Qwen/Qwen3-8B,No Code Generated,0.0,,1.0,False,False,False,False,Agent output did not contain python tags.
nl4opt_3,nl4opt,Qwen/Qwen3-8B,No Code Generated,0.0,,1.0,False,False,False,False,Agent output did not contain python tags.
nl4opt_4,nl4opt,Qwen/Qwen3-8B,No Code Generated,0.0,,1.0,False,False,False,False,Agent output did not contain python tags.
nl4opt_5,nl4opt,Qwen/Qwen3-8B,No Code Generated,0.0,,1.0,False,False,False,False,Agent output did not contain python tags.
nl4opt_6,nl4opt,Qwen/Qwen3-8B,No Code Generated,0.0,,1.0,False,False,False,False,Agent output did not contain python tags.
nl4opt_7,nl4opt,Qwen/Qwen3-8B,No Code Generated,0.0,,1.0,False,False,False,False,Agent output did not contain python tags.
nl4opt_8,nl4opt,Qwen/Qwen3-8B,No Code Generated,0.0,,1.0,False,False,False,False,Agent output did not contain python tags.
nl4opt_9,nl4opt,Qwen/Qwen3-8B,No Code Generated,0.0,,1.0,False,False,False,False,Agent output did not contain python tags.
nl4opt_10,nl4opt,Qwen/Qwen3-8B,No Code Generated,0.0,,1.0,False,False,False,False,Agent output did not contain python tags.
nl4opt_11,nl4opt,Qwen/Qwen3-8B,Exception,0.0,,1.0,False,False,False,False,[Errno 2] No such file or directory: 'python'
nl4opt_12,nl4opt,Qwen/Qwen3-8B,Exception,0.0,,1.0,False,False,False,False,[Errno 2] No such file or directory: 'python'
nl4opt_13,nl4opt,Qwen/Qwen3-8B,No Code Generated,0.0,,1.0,False,False,False,False,Agent output did not contain python tags.
nl4opt_14,nl4opt,Qwen/Qwen3-8B,No Code Generated,0.0,,1.0,False,False,False,False,Agent output did not contain python tags.
nl4opt_15,nl4opt,Qwen/Qwen3-8B,No Code Generated,0.0,,1.0,False,False,False,False,Agent output did not contain python tags.
nl4opt_16,nl4opt,Qwen/Qwen3-8B,No Code Generated,0.0,,1.0,False,False,False,False,Agent output did not contain python tags.
nl4opt_17,nl4opt,Qwen/Qwen3-8B,No Code Generated,0.0,,1.0,False,False,False,False,Agent output did not contain python tags.
nl4opt_18,nl4opt,Qwen/Qwen3-8B,Exception,0.0,,1.0,False,False,False,False,[Errno 2] No such file or directory: 'python'
nl4opt_19,nl4opt,Qwen/Qwen3-8B,Exception,0.0,,1.0,False,False,False,False,[Errno 2] No such file or directory: 'python'
nl4opt_20,nl4opt,Qwen/Qwen3-8B,No Code Generated,0.0,,1.0,False,False,False,False,Agent output did not contain python tags.
nl4opt_21,nl4opt,Qwen/Qwen3-8B,No Code Generated,0.0,,1.0,False,False,False,False,Agent output did not contain python tags.
nl4opt_22,nl4opt,Qwen/Qwen3-8B,No Code Generated,0.0,,1.0,False,False,False,False,Agent output did not contain python tags.
nl4opt_23,nl4opt,Qwen/Qwen3-8B,No Code Generated,0.0,,1.0,False,False,False,False,Agent output did not contain python tags.
nl4opt_24,nl4opt,Qwen/Qwen3-8B,No Code Generated,0.0,,1.0,False,False,False,False,Agent output did not contain python tags.
nl4opt_25,nl4opt,Qwen/Qwen3-8B,Exception,0.0,,1.0,False,False,False,False,[Errno 2] No such file or directory: 'python'
nl4opt_26,nl4opt,Qwen/Qwen3-8B,No Code Generated,0.0,,1.0,False,False,False,False,Agent output did not contain python tags.
nl4opt_27,nl4opt,Qwen/Qwen3-8B,No Code Generated,0.0,,1.0,False,False,False,False,Agent output did not contain python tags.
nl4opt_28,nl4opt,Qwen/Qwen3-8B,No Code Generated,0.0,,1.0,False,False,False,False,Agent output did not contain python tags.
nl4opt_29,nl4opt,Qwen/Qwen3-8B,No Code Generated,0.0,,1.0,False,False,False,False,Agent output did not contain python tags.
nl4opt_30,nl4opt,Qwen/Qwen3-8B,Exception,0.0,,1.0,False,False,False,False,[Errno 2] No such file or directory: 'python'
nl4opt_31,nl4opt,Qwen/Qwen3-8B,Exception,0.0,,1.0,False,False,False,False,[Errno 2] No such file or directory: 'python'
nl4opt_32,nl4opt,Qwen/Qwen3-8B,Exception,0.0,,1.0,False,False,False,False,[Errno 2] No such file or directory: 'python'
nl4opt_33,nl4opt,Qwen/Qwen3-8B,No Code Generated,0.0,,1.0,False,False,False,False,Agent output did not contain python tags.
nl4opt_34,nl4opt,Qwen/Qwen3-8B,Exception,0.0,,1.0,False,False,False,False,[Errno 2] No such file or directory: 'python'
nl4opt_35,nl4opt,Qwen/Qwen3-8B,No Code Generated,0.0,,1.0,False,False,False,False,Agent output did not contain python tags.
nl4opt_36,nl4opt,Qwen/Qwen3-8B,No Code Generated,0.0,,1.0,False,False,False,False,Agent output did not contain python tags.
nl4opt_37,nl4opt,Qwen/Qwen3-8B,No Code Generated,0.0,,1.0,False,False,False,False,Agent output did not contain python tags.
nl4opt_38,nl4opt,Qwen/Qwen3-8B,No Code Generated,0.0,,1.0,False,False,False,False,Agent output did not contain python tags.
nl4opt_39,nl4opt,Qwen/Qwen3-8B,No Code Generated,0.0,,1.0,False,False,False,False,Agent output did not contain python tags.
nl4opt_40,nl4opt,Qwen/Qwen3-8B,No Code Generated,0.0,,1.0,False,False,False,False,Agent output did not contain python tags.
nl4opt_41,nl4opt,Qwen/Qwen3-8B,No Code Generated,0.0,,1.0,False,False,False,False,Agent output did not contain python tags.
nl4opt_42,nl4opt,Qwen/Qwen3-8B,No Code Generated,0.0,,1.0,False,False,False,False,Agent output did not contain python tags.
nl4opt_43,nl4opt,Qwen/Qwen3-8B,No Code Generated,0.0,,1.0,False,False,False,False,Agent output did not contain python tags.
nl4opt_44,nl4opt,Qwen/Qwen3-8B,No Code Generated,0.0,,1.0,False,False,False,False,Agent output did not contain python tags.
nl4opt_45,nl4opt,Qwen/Qwen3-8B,Exception,0.0,,1.0,False,False,False,False,[Errno 2] No such file or directory: 'python'
nl4opt_46,nl4opt,Qwen/Qwen3-8B,No Code Generated,0.0,,1.0,False,False,False,False,Agent output did not contain python tags.
nl4opt_47,nl4opt,Qwen/Qwen3-8B,No Code Generated,0.0,,1.0,False,False,False,False,Agent output did not contain python tags.
nl4opt_48,nl4opt,Qwen/Qwen3-8B,No Code Generated,0.0,,1.0,False,False,False,False,Agent output did not contain python tags.
nl4opt_49,nl4opt,Qwen/Qwen3-8B,No Code Generated,0.0,,1.0,False,False,False,False,Agent output did not contain python tags.
nl4opt_50,nl4opt,Qwen/Qwen3-8B,No Code Generated,0.0,,1.0,False,False,False,False,Agent output did not contain python tags.
nl4opt_51,nl4opt,Qwen/Qwen3-8B,No Code Generated,0.0,,1.0,False,False,False,False,Agent output did not contain python tags.
nl4opt_52,nl4opt,Qwen/Qwen3-8B,No Code Generated,0.0,,1.0,False,False,False,False,Agent output did not contain python tags.
nl4opt_53,nl4opt,Qwen/Qwen3-8B,No Code Generated,0.0,,1.0,False,False,False,False,Agent output did not contain python tags.
nl4opt_54,nl4opt,Qwen/Qwen3-8B,No Code Generated,0.0,,1.0,False,False,False,False,Agent output did not contain python tags.
nl4opt_55,nl4opt,Qwen/Qwen3-8B,No Code Generated,0.0,,1.0,False,False,False,False,Agent output did not contain python tags.
nl4opt_56,nl4opt,Qwen/Qwen3-8B,No Code Generated,0.0,,1.0,False,False,False,False,Agent output did not contain python tags.
nl4opt_57,nl4opt,Qwen/Qwen3-8B,No Code Generated,0.0,,1.0,False,False,False,False,Agent output did not contain python tags.
nl4opt_58,nl4opt,Qwen/Qwen3-8B,No Code Generated,0.0,,1.0,False,False,False,False,Agent output did not contain python tags.
nl4opt_59,nl4opt,Qwen/Qwen3-8B,No Code Generated,0.0,,1.0,False,False,False,False,Agent output did not contain python tags.
nl4opt_60,nl4opt,Qwen/Qwen3-8B,No Code Generated,0.0,,1.0,False,False,False,False,Agent output did not contain python tags.
nl4opt_61,nl4opt,Qwen/Qwen3-8B,No Code Generated,0.0,,1.0,False,False,False,False,Agent output did not contain python tags.
nl4opt_62,nl4opt,Qwen/Qwen3-8B,Exception,0.0,,1.0,False,False,False,False,[Errno 2] No such file or directory: 'python'
nl4opt_63,nl4opt,Qwen/Qwen3-8B,No Code Generated,0.0,,1.0,False,False,False,False,Agent output did not contain python tags.
nl4opt_64,nl4opt,Qwen/Qwen3-8B,Exception,0.0,,1.0,False,False,False,False,[Errno 2] No such file or directory: 'python'
nl4opt_65,nl4opt,Qwen/Qwen3-8B,Exception,0.0,,1.0,False,False,False,False,[Errno 2] No such file or directory: 'python'
nl4opt_66,nl4opt,Qwen/Qwen3-8B,No Code Generated,0.0,,1.0,False,False,False,False,Agent output did not contain python tags.
nl4opt_67,nl4opt,Qwen/Qwen3-8B,Exception,0.0,,1.0,False,False,False,False,[Errno 2] No such file or directory: 'python'
nl4opt_68,nl4opt,Qwen/Qwen3-8B,Exception,0.0,,1.0,False,False,False,False,[Errno 2] No such file or directory: 'python'
nl4opt_69,nl4opt,Qwen/Qwen3-8B,No Code Generated,0.0,,1.0,False,False,False,False,Agent output did not contain python tags.
nl4opt_70,nl4opt,Qwen/Qwen3-8B,Exception,0.0,,1.0,False,False,False,False,[Errno 2] No such file or directory: 'python'
nl4opt_71,nl4opt,Qwen/Qwen3-8B,Exception,0.0,,1.0,False,False,False,False,[Errno 2] No such file or directory: 'python'
nl4opt_72,nl4opt,Qwen/Qwen3-8B,No Code Generated,0.0,,1.0,False,False,False,False,Agent output did not contain python tags.
nl4opt_73,nl4opt,Qwen/Qwen3-8B,No Code Generated,0.0,,1.0,False,False,False,False,Agent output did not contain python tags.
nl4opt_74,nl4opt,Qwen/Qwen3-8B,Exception,0.0,,1.0,False,False,False,False,[Errno 2] No such file or directory: 'python'
nl4opt_75,nl4opt,Qwen/Qwen3-8B,Exception,0.0,,1.0,False,False,False,False,[Errno 2] No such file or directory: 'python'
nl4opt_76,nl4opt,Qwen/Qwen3-8B,No Code Generated,0.0,,1.0,False,False,False,False,Agent output did not contain python tags.
nl4opt_77,nl4opt,Qwen/Qwen3-8B,Exception,0.0,,1.0,False,False,False,False,[Errno 2] No such file or directory: 'python'
nl4opt_78,nl4opt,Qwen/Qwen3-8B,Exception,0.0,,1.0,False,False,False,False,[Errno 2] No such file or directory: 'python'
nl4opt_79,nl4opt,Qwen/Qwen3-8B,Exception,0.0,,1.0,False,False,False,False,[Errno 2] No such file or directory: 'python'
nl4opt_80,nl4opt,Qwen/Qwen3-8B,No Code Generated,0.0,,1.0,False,False,False,False,Agent output did not contain python tags.
nl4opt_81,nl4opt,Qwen/Qwen3-8B,No Code Generated,0.0,,1.0,False,False,False,False,Agent output did not contain python tags.
nl4opt_82,nl4opt,Qwen/Qwen3-8B,Exception,0.0,,1.0,False,False,False,False,[Errno 2] No such file or directory: 'python'
nl4opt_83,nl4opt,Qwen/Qwen3-8B,Exception,0.0,,1.0,False,False,False,False,[Errno 2] No such file or directory: 'python'
nl4opt_84,nl4opt,Qwen/Qwen3-8B,No Code Generated,0.0,,1.0,False,False,False,False,Agent output did not contain python tags.
nl4opt_85,nl4opt,Qwen/Qwen3-8B,No Code Generated,0.0,,1.0,False,False,False,False,Agent output did not contain python tags.
nl4opt_86,nl4opt,Qwen/Qwen3-8B,No Code Generated,0.0,,1.0,False,False,False,False,Agent output did not contain python tags.
nl4opt_87,nl4opt,Qwen/Qwen3-8B,No Code Generated,0.0,,1.0,False,False,False,False,Agent output did not contain python tags.
nl4opt_88,nl4opt,Qwen/Qwen3-8B,No Code Generated,0.0,,1.0,False,False,False,False,Agent output did not contain python tags.
nl4opt_89,nl4opt,Qwen/Qwen3-8B,No Code Generated,0.0,,1.0,False,False,False,False,Agent output did not contain python tags.
nl4opt_90,nl4opt,Qwen/Qwen3-8B,Exception,0.0,,1.0,False,False,False,False,[Errno 2] No such file or directory: 'python'
nl4opt_91,nl4opt,Qwen/Qwen3-8B,No Code Generated,0.0,,1.0,False,False,False,False,Agent output did not contain python tags.
nl4opt_92,nl4opt,Qwen/Qwen3-8B,No Code Generated,0.0,,1.0,False,False,False,False,Agent output did not contain python tags.
nl4opt_93,nl4opt,Qwen/Qwen3-8B,No Code Generated,0.0,,1.0,False,False,False,False,Agent output did not contain python tags.
nl4opt_94,nl4opt,Qwen/Qwen3-8B,No Code Generated,0.0,,1.0,False,False,False,False,Agent output did not contain python tags.
nl4opt_95,nl4opt,Qwen/Qwen3-8B,No Code Generated,0.0,,1.0,False,False,False,False,Agent output did not contain python tags.
nl4opt_96,nl4opt,Qwen/Qwen3-8B,No Code Generated,0.0,,1.0,False,False,False,False,Agent output did not contain python tags.
nl4opt_97,nl4opt,Qwen/Qwen3-8B,No Code Generated,0.0,,1.0,False,False,False,False,Agent output did not contain python tags.
nl4opt_98,nl4opt,Qwen/Qwen3-8B,No Code Generated,0.0,,1.0,False,False,False,False,Agent output did not contain python tags.
nl4opt_99,nl4opt,Qwen/Qwen3-8B,Exception,0.0,,1.0,False,False,False,False,[Errno 2] No such file or directory: 'python'
industryor_1,industry_or,Qwen/Qwen3-8B,No Code Generated,0.0,,219888.0,False,False,False,False,Agent output did not contain python tags.
industryor_2,industry_or,Qwen/Qwen3-8B,No Code Generated,0.0,,125.0,False,False,False,False,Agent output did not contain python tags.
industryor_3,industry_or,Qwen/Qwen3-8B,No Code Generated,0.0,,10349920.0,False,False,False,False,Agent output did not contain python tags.
industryor_4,industry_or,Qwen/Qwen3-8B,No Code Generated,0.0,,30400.0,False,False,False,False,Agent output did not contain python tags.
industryor_5,industry_or,Qwen/Qwen3-8B,No Code Generated,0.0,,18.6943,False,False,False,False,Agent output did not contain python tags.
industryor_6,industry_or,Qwen/Qwen3-8B,No Code Generated,0.0,,10755.0,False,False,False,False,Agent output did not contain python tags.
industryor_7,industry_or,Qwen/Qwen3-8B,No Code Generated,0.0,,468510.0,False,False,False,False,Agent output did not contain python tags.
industryor_8,industry_or,Qwen/Qwen3-8B,Exception,0.0,,14.0,False,False,False,False,[Errno 2] No such file or directory: 'python'
industryor_9,industry_or,Qwen/Qwen3-8B,No Code Generated,0.0,,623.0,False,False,False,False,Agent output did not contain python tags.
industryor_10,industry_or,Qwen/Qwen3-8B,No Code Generated,0.0,,3.0,False,False,False,False,Agent output did not contain python tags.
industryor_11,industry_or,Qwen/Qwen3-8B,Exception,0.0,,3867.0,False,False,False,False,[Errno 2] No such file or directory: 'python'
industryor_12,industry_or,Qwen/Qwen3-8B,No Code Generated,0.0,,43200.0,False,False,False,False,Agent output did not contain python tags.
industryor_13,industry_or,Qwen/Qwen3-8B,No Code Generated,0.0,,180000.0,False,False,False,False,Agent output did not contain python tags.
industryor_14,industry_or,Qwen/Qwen3-8B,No Code Generated,0.0,,123.8,False,False,False,False,Agent output did not contain python tags.
industryor_15,industry_or,Qwen/Qwen3-8B,No Code Generated,0.0,,168.0,False,False,False,False,Agent output did not contain python tags.
industryor_16,industry_or,Qwen/Qwen3-8B,No Code Generated,0.0,,4100.0,False,False,False,False,Agent output did not contain python tags.
industryor_17,industry_or,Qwen/Qwen3-8B,No Code Generated,0.0,,0.576593,False,False,False,False,Agent output did not contain python tags.
industryor_18,industry_or,Qwen/Qwen3-8B,No Code Generated,0.0,,5.0,False,False,False,False,Agent output did not contain python tags.
industryor_19,industry_or,Qwen/Qwen3-8B,No Code Generated,0.0,,4000.0,False,False,False,False,Agent output did not contain python tags.
industryor_20,industry_or,Qwen/Qwen3-8B,No Code Generated,0.0,,956.0,False,False,False,False,Agent output did not contain python tags.
industryor_21,industry_or,Qwen/Qwen3-8B,No Code Generated,0.0,,15000.0,False,False,False,False,Agent output did not contain python tags.
industryor_22,industry_or,Qwen/Qwen3-8B,No Code Generated,0.0,,270290.0,False,False,False,False,Agent output did not contain python tags.
industryor_23,industry_or,Qwen/Qwen3-8B,No Code Generated,0.0,,21500.0,False,False,False,False,Agent output did not contain python tags.
industryor_24,industry_or,Qwen/Qwen3-8B,No Code Generated,0.0,,1000.0,False,False,False,False,Agent output did not contain python tags.
industryor_25,industry_or,Qwen/Qwen3-8B,Exception,0.0,,510000.0,False,False,False,False,[Errno 2] No such file or directory: 'python'
industryor_26,industry_or,Qwen/Qwen3-8B,Exception,0.0,,53.0,False,False,False,False,[Errno 2] No such file or directory: 'python'
industryor_27,industry_or,Qwen/Qwen3-8B,No Code Generated,0.0,,1146.4142,False,False,False,False,Agent output did not contain python tags.
industryor_28,industry_or,Qwen/Qwen3-8B,No Code Generated,0.0,,580000.0,False,False,False,False,Agent output did not contain python tags.
industryor_29,industry_or,Qwen/Qwen3-8B,No Code Generated,0.0,,2500.0,False,False,False,False,Agent output did not contain python tags.
industryor_30,industry_or,Qwen/Qwen3-8B,No Code Generated,0.0,,32.43589743589744,False,False,False,False,Agent output did not contain python tags.
industryor_31,industry_or,Qwen/Qwen3-8B,No Code Generated,0.0,,1190.41,False,False,False,False,Agent output did not contain python tags.
industryor_32,industry_or,Qwen/Qwen3-8B,No Code Generated,0.0,,2924.0,False,False,False,False,Agent output did not contain python tags.
industryor_33,industry_or,Qwen/Qwen3-8B,No Code Generated,0.0,,1000.0,False,False,False,False,Agent output did not contain python tags.
industryor_34,industry_or,Qwen/Qwen3-8B,Exception,0.0,,7.0,False,False,False,False,[Errno 2] No such file or directory: 'python'
industryor_35,industry_or,Qwen/Qwen3-8B,No Code Generated,0.0,,14.1,False,False,False,False,Agent output did not contain python tags.
industryor_36,industry_or,Qwen/Qwen3-8B,No Code Generated,0.0,,175.37,False,False,False,False,Agent output did not contain python tags.
industryor_37,industry_or,Qwen/Qwen3-8B,No Code Generated,0.0,,11250.0,False,False,False,False,Agent output did not contain python tags.
industryor_38,industry_or,Qwen/Qwen3-8B,No Code Generated,0.0,,14.0,False,False,False,False,Agent output did not contain python tags.
industryor_39,industry_or,Qwen/Qwen3-8B,No Code Generated,0.0,,600.0,False,False,False,False,Agent output did not contain python tags.
industryor_40,industry_or,Qwen/Qwen3-8B,No Code Generated,0.0,,43090833.43,False,False,False,False,Agent output did not contain python tags.
industryor_41,industry_or,Qwen/Qwen3-8B,No Code Generated,0.0,,964640.0,False,False,False,False,Agent output did not contain python tags.
industryor_42,industry_or,Qwen/Qwen3-8B,No Code Generated,0.0,,150.0,False,False,False,False,Agent output did not contain python tags.
industryor_43,industry_or,Qwen/Qwen3-8B,No Code Generated,0.0,,6800.0,False,False,False,False,Agent output did not contain python tags.
industryor_44,industry_or,Qwen/Qwen3-8B,No Code Generated,0.0,,685.0,False,False,False,False,Agent output did not contain python tags.
industryor_45,industry_or,Qwen/Qwen3-8B,No Code Generated,0.0,,700.0,False,False,False,False,Agent output did not contain python tags.
industryor_46,industry_or,Qwen/Qwen3-8B,No Code Generated,0.0,,715.7,False,False,False,False,Agent output did not contain python tags.
industryor_47,industry_or,Qwen/Qwen3-8B,No Code Generated,0.0,,20241.8,False,False,False,False,Agent output did not contain python tags.
industryor_48,industry_or,Qwen/Qwen3-8B,Exception,0.0,,11250.0,False,False,False,False,[Errno 2] No such file or directory: 'python'
industryor_49,industry_or,Qwen/Qwen3-8B,No Code Generated,0.0,,208000.0,False,False,False,False,Agent output did not contain python tags.
industryor_50,industry_or,Qwen/Qwen3-8B,Exception,0.0,,9100.0,False,False,False,False,[Errno 2] No such file or directory: 'python'
industryor_51,industry_or,Qwen/Qwen3-8B,Exception,0.0,,4240.0,False,False,False,False,[Errno 2] No such file or directory: 'python'
industryor_52,industry_or,Qwen/Qwen3-8B,No Code Generated,0.0,,150.0,False,False,False,False,Agent output did not contain python tags.
industryor_53,industry_or,Qwen/Qwen3-8B,No Code Generated,0.0,,3050.0,False,False,False,False,Agent output did not contain python tags.
industryor_54,industry_or,Qwen/Qwen3-8B,No Code Generated,0.0,,135.26666666666668,False,False,False,False,Agent output did not contain python tags.
industryor_55,industry_or,Qwen/Qwen3-8B,No Code Generated,0.0,,4.0,False,False,False,False,Agent output did not contain python tags.
industryor_56,industry_or,Qwen/Qwen3-8B,No Code Generated,0.0,,-700.0,False,False,False,False,Agent output did not contain python tags.
industryor_57,industry_or,Qwen/Qwen3-8B,No Code Generated,0.0,,600.0,False,False,False,False,Agent output did not contain python tags.
industryor_58,industry_or,Qwen/Qwen3-8B,No Code Generated,0.0,,240000.0,False,False,False,False,Agent output did not contain python tags.
industryor_59,industry_or,Qwen/Qwen3-8B,Exception,0.0,,6160.0,False,False,False,False,[Errno 2] No such file or directory: 'python'
industryor_60,industry_or,Qwen/Qwen3-8B,No Code Generated,0.0,,153.0,False,False,False,False,Agent output did not contain python tags.
industryor_61,industry_or,Qwen/Qwen3-8B,No Code Generated,0.0,,37000.0,False,False,False,False,Agent output did not contain python tags.
industryor_62,industry_or,Qwen/Qwen3-8B,No Code Generated,0.0,,90000.0,False,False,False,False,Agent output did not contain python tags.
industryor_63,industry_or,Qwen/Qwen3-8B,No Code Generated,0.0,,640.0,False,False,False,False,Agent output did not contain python tags.
industryor_64,industry_or,Qwen/Qwen3-8B,No Code Generated,0.0,,38000.0,False,False,False,False,Agent output did not contain python tags.
industryor_65,industry_or,Qwen/Qwen3-8B,No Code Generated,0.0,,30500.0,False,False,False,False,Agent output did not contain python tags.
industryor_66,industry_or,Qwen/Qwen3-8B,No Code Generated,0.0,,25000.0,False,False,False,False,Agent output did not contain python tags.
industryor_67,industry_or,Qwen/Qwen3-8B,No Code Generated,0.0,,3160500.0,False,False,False,False,Agent output did not contain python tags.
industryor_68,industry_or,Qwen/Qwen3-8B,No Code Generated,0.0,,1030.0,False,False,False,False,Agent output did not contain python tags.
industryor_69,industry_or,Qwen/Qwen3-8B,No Code Generated,0.0,,20.0,False,False,False,False,Agent output did not contain python tags.
industryor_70,industry_or,Qwen/Qwen3-8B,No Code Generated,0.0,,35.0,False,False,False,False,Agent output did not contain python tags.
industryor_71,industry_or,Qwen/Qwen3-8B,No Code Generated,0.0,,330.0,False,False,False,False,Agent output did not contain python tags.
industryor_72,industry_or,Qwen/Qwen3-8B,Exception,0.0,,135000.0,False,False,False,False,[Errno 2] No such file or directory: 'python'
industryor_73,industry_or,Qwen/Qwen3-8B,No Code Generated,0.0,,1600.0,False,False,False,False,Agent output did not contain python tags.
industryor_74,industry_or,Qwen/Qwen3-8B,No Code Generated,0.0,,115000.0,False,False,False,False,Agent output did not contain python tags.
industryor_75,industry_or,Qwen/Qwen3-8B,No Code Generated,0.0,,57.0,False,False,False,False,Agent output did not contain python tags.
industryor_76,industry_or,Qwen/Qwen3-8B,No Code Generated,0.0,,4700.0,False,False,False,False,Agent output did not contain python tags.
industryor_77,industry_or,Qwen/Qwen3-8B,No Code Generated,0.0,,1005.0,False,False,False,False,Agent output did not contain python tags.
industryor_78,industry_or,Qwen/Qwen3-8B,No Code Generated,0.0,,172.0,False,False,False,False,Agent output did not contain python tags.
industryor_79,industry_or,Qwen/Qwen3-8B,Exception,0.0,,9800.0,False,False,False,False,[Errno 2] No such file or directory: 'python'
industryor_80,industry_or,Qwen/Qwen3-8B,No Code Generated,0.0,,84000.0,False,False,False,False,Agent output did not contain python tags.
industryor_81,industry_or,Qwen/Qwen3-8B,No Code Generated,0.0,,28.6,False,False,False,False,Agent output did not contain python tags.
industryor_82,industry_or,Qwen/Qwen3-8B,No Code Generated,0.0,,28.0,False,False,False,False,Agent output did not contain python tags.
industryor_83,industry_or,Qwen/Qwen3-8B,No Code Generated,0.0,,26.0,False,False,False,False,Agent output did not contain python tags.
industryor_84,industry_or,Qwen/Qwen3-8B,Exception,0.0,,23000.0,False,False,False,False,[Errno 2] No such file or directory: 'python'
industryor_85,industry_or,Qwen/Qwen3-8B,No Code Generated,0.0,,1866.3793,False,False,False,False,Agent output did not contain python tags.
industryor_86,industry_or,Qwen/Qwen3-8B,Exception,0.0,,77500.0,False,False,False,False,[Errno 2] No such file or directory: 'python'
industryor_87,industry_or,Qwen/Qwen3-8B,No Code Generated,0.0,,4170.0,False,False,False,False,Agent output did not contain python tags.
industryor_88,industry_or,Qwen/Qwen3-8B,No Code Generated,0.0,,1.25,False,False,False,False,Agent output did not contain python tags.
industryor_89,industry_or,Qwen/Qwen3-8B,No Code Generated,0.0,,146.667,False,False,False,False,Agent output did not contain python tags.
industryor_90,industry_or,Qwen/Qwen3-8B,No Code Generated,0.0,,3600.0,False,False,False,False,Agent output did not contain python tags.
industryor_91,industry_or,Qwen/Qwen3-8B,No Code Generated,0.0,,409.0909,False,False,False,False,Agent output did not contain python tags.
industryor_92,industry_or,Qwen/Qwen3-8B,No Code Generated,0.0,,6200.0,False,False,False,False,Agent output did not contain python tags.
industryor_93,industry_or,Qwen/Qwen3-8B,No Code Generated,0.0,,3360.0,False,False,False,False,Agent output did not contain python tags.
industryor_94,industry_or,Qwen/Qwen3-8B,Exception,0.0,,5000000.0,False,False,False,False,[Errno 2] No such file or directory: 'python'
industryor_95,industry_or,Qwen/Qwen3-8B,No Code Generated,0.0,,528.0,False,False,False,False,Agent output did not contain python tags.
industryor_96,industry_or,Qwen/Qwen3-8B,Exception,0.0,,19.6,False,False,False,False,[Errno 2] No such file or directory: 'python'
industryor_97,industry_or,Qwen/Qwen3-8B,No Code Generated,0.0,,115.0,False,False,False,False,Agent output did not contain python tags.
industryor_98,industry_or,Qwen/Qwen3-8B,No Code Generated,0.0,,165900.0,False,False,False,False,Agent output did not contain python tags.
industryor_99,industry_or,Qwen/Qwen3-8B,Exception,0.0,,0.6075,False,False,False,False,[Errno 2] No such file or directory: 'python'
industryor_100,industry_or,Qwen/Qwen3-8B,No Code Generated,0.0,,84.0,False,False,False,False,Agent output did not contain python tags.
resocratic_0,resocratic,Qwen/Qwen3-8B,No Code Generated,0.0,,3600.0,False,False,False,False,Agent output did not contain python tags.
resocratic_1,resocratic,Qwen/Qwen3-8B,No Code Generated,0.0,,10.0,False,False,False,False,Agent output did not contain python tags.
resocratic_2,resocratic,Qwen/Qwen3-8B,No Code Generated,0.0,,0.0,False,False,False,False,Agent output did not contain python tags.
resocratic_3,resocratic,Qwen/Qwen3-8B,No Code Generated,0.0,,50.0,False,False,False,False,Agent output did not contain python tags.
resocratic_4,resocratic,Qwen/Qwen3-8B,No Code Generated,0.0,,2.0,False,False,False,False,Agent output did not contain python tags.
resocratic_5,resocratic,Qwen/Qwen3-8B,No Code Generated,0.0,,136.0,False,False,False,False,Agent output did not contain python tags.
resocratic_6,resocratic,Qwen/Qwen3-8B,No Code Generated,0.0,,10.0,False,False,False,False,Agent output did not contain python tags.
resocratic_7,resocratic,Qwen/Qwen3-8B,Exception,0.0,,2500.0,False,False,False,False,[Errno 2] No such file or directory: 'python'
resocratic_8,resocratic,Qwen/Qwen3-8B,No Code Generated,0.0,,10.0,False,False,False,False,Agent output did not contain python tags.
resocratic_9,resocratic,Qwen/Qwen3-8B,Exception,0.0,,17.0,False,False,False,False,[Errno 2] No such file or directory: 'python'
resocratic_10,resocratic,Qwen/Qwen3-8B,No Code Generated,0.0,,0.0,False,False,False,False,Agent output did not contain python tags.
resocratic_11,resocratic,Qwen/Qwen3-8B,Exception,0.0,,4.0,False,False,False,False,[Errno 2] No such file or directory: 'python'
resocratic_12,resocratic,Qwen/Qwen3-8B,No Code Generated,0.0,,0.0,False,False,False,False,Agent output did not contain python tags.
resocratic_13,resocratic,Qwen/Qwen3-8B,No Code Generated,0.0,,0.4998083998257366,False,False,False,False,Agent output did not contain python tags.
resocratic_14,resocratic,Qwen/Qwen3-8B,No Code Generated,0.0,,40.0,False,False,False,False,Agent output did not contain python tags.
resocratic_15,resocratic,Qwen/Qwen3-8B,No Code Generated,0.0,,2.0,False,False,False,False,Agent output did not contain python tags.
resocratic_16,resocratic,Qwen/Qwen3-8B,No Code Generated,0.0,,6.0,False,False,False,False,Agent output did not contain python tags.
resocratic_17,resocratic,Qwen/Qwen3-8B,No Code Generated,0.0,,0.0,False,False,False,False,Agent output did not contain python tags.
resocratic_18,resocratic,Qwen/Qwen3-8B,No Code Generated,0.0,,20.0,False,False,False,False,Agent output did not contain python tags.
resocratic_19,resocratic,Qwen/Qwen3-8B,No Code Generated,0.0,,25.0,False,False,False,False,Agent output did not contain python tags.
resocratic_20,resocratic,Qwen/Qwen3-8B,No Code Generated,0.0,,2.0,False,False,False,False,Agent output did not contain python tags.
resocratic_21,resocratic,Qwen/Qwen3-8B,No Code Generated,0.0,,42.0,False,False,False,False,Agent output did not contain python tags.
resocratic_22,resocratic,Qwen/Qwen3-8B,No Code Generated,0.0,,70.0,False,False,False,False,Agent output did not contain python tags.
resocratic_23,resocratic,Qwen/Qwen3-8B,No Code Generated,0.0,,400.0,False,False,False,False,Agent output did not contain python tags.
resocratic_24,resocratic,Qwen/Qwen3-8B,Exception,0.0,,0.10597616580787961,False,False,False,False,[Errno 2] No such file or directory: 'python'
resocratic_25,resocratic,Qwen/Qwen3-8B,No Code Generated,0.0,,307.5852470424496,False,False,False,False,Agent output did not contain python tags.
resocratic_26,resocratic,Qwen/Qwen3-8B,No Code Generated,0.0,,7.071067811865474,False,False,False,False,Agent output did not contain python tags.
resocratic_27,resocratic,Qwen/Qwen3-8B,Exception,0.0,,2.5925926,False,False,False,False,[Errno 2] No such file or directory: 'python'
resocratic_28,resocratic,Qwen/Qwen3-8B,No Code Generated,0.0,,700.0,False,False,False,False,Agent output did not contain python tags.
resocratic_29,resocratic,Qwen/Qwen3-8B,Exception,0.0,,5.0,False,False,False,False,[Errno 2] No such file or directory: 'python'
resocratic_30,resocratic,Qwen/Qwen3-8B,Exception,0.0,,26.0,False,False,False,False,[Errno 2] No such file or directory: 'python'
resocratic_31,resocratic,Qwen/Qwen3-8B,No Code Generated,0.0,,14.0,False,False,False,False,Agent output did not contain python tags.
resocratic_32,resocratic,Qwen/Qwen3-8B,No Code Generated,0.0,,307.5852470424496,False,False,False,False,Agent output did not contain python tags.
resocratic_33,resocratic,Qwen/Qwen3-8B,Exception,0.0,,0.65,False,False,False,False,[Errno 2] No such file or directory: 'python'
resocratic_34,resocratic,Qwen/Qwen3-8B,No Code Generated,0.0,,2.1818181818181817,False,False,False,False,Agent output did not contain python tags.
resocratic_35,resocratic,Qwen/Qwen3-8B,No Code Generated,0.0,,0.0,False,False,False,False,Agent output did not contain python tags.
resocratic_36,resocratic,Qwen/Qwen3-8B,Exception,0.0,,10.0,False,False,False,False,[Errno 2] No such file or directory: 'python'
resocratic_37,resocratic,Qwen/Qwen3-8B,Exception,0.0,,2.0,False,False,False,False,[Errno 2] No such file or directory: 'python'
resocratic_38,resocratic,Qwen/Qwen3-8B,No Code Generated,0.0,,0.0,False,False,False,False,Agent output did not contain python tags.
resocratic_39,resocratic,Qwen/Qwen3-8B,Exception,0.0,,0.0,False,False,False,False,[Errno 2] No such file or directory: 'python'
resocratic_40,resocratic,Qwen/Qwen3-8B,No Code Generated,0.0,,175.0,False,False,False,False,Agent output did not contain python tags.
resocratic_41,resocratic,Qwen/Qwen3-8B,Exception,0.0,,300.0,False,False,False,False,[Errno 2] No such file or directory: 'python'
resocratic_42,resocratic,Qwen/Qwen3-8B,No Code Generated,0.0,,15.0,False,False,False,False,Agent output did not contain python tags.
resocratic_43,resocratic,Qwen/Qwen3-8B,Exception,0.0,,46.0,False,False,False,False,[Errno 2] No such file or directory: 'python'
resocratic_44,resocratic,Qwen/Qwen3-8B,No Code Generated,0.0,,0.0,False,False,False,False,Agent output did not contain python tags.
resocratic_45,resocratic,Qwen/Qwen3-8B,Exception,0.0,,138.0,False,False,False,False,[Errno 2] No such file or directory: 'python'
resocratic_46,resocratic,Qwen/Qwen3-8B,Exception,0.0,,1.6287969834860323,False,False,False,False,[Errno 2] No such file or directory: 'python'
resocratic_47,resocratic,Qwen/Qwen3-8B,No Code Generated,0.0,,4.708460647429426,False,False,False,False,Agent output did not contain python tags.
resocratic_48,resocratic,Qwen/Qwen3-8B,Exception,0.0,,3.22077922077922,False,False,False,False,[Errno 2] No such file or directory: 'python'
resocratic_49,resocratic,Qwen/Qwen3-8B,No Code Generated,0.0,,78.0,False,False,False,False,Agent output did not contain python tags.
resocratic_50,resocratic,Qwen/Qwen3-8B,No Code Generated,0.0,,47.0,False,False,False,False,Agent output did not contain python tags.
resocratic_51,resocratic,Qwen/Qwen3-8B,No Code Generated,0.0,,0.0,False,False,False,False,Agent output did not contain python tags.
resocratic_52,resocratic,Qwen/Qwen3-8B,No Code Generated,0.0,,4.0,False,False,False,False,Agent output did not contain python tags.
resocratic_53,resocratic,Qwen/Qwen3-8B,No Code Generated,0.0,,5.0,False,False,False,False,Agent output did not contain python tags.
resocratic_54,resocratic,Qwen/Qwen3-8B,No Code Generated,0.0,,50.0,False,False,False,False,Agent output did not contain python tags.
resocratic_55,resocratic,Qwen/Qwen3-8B,No Code Generated,0.0,,700.0,False,False,False,False,Agent output did not contain python tags.
resocratic_56,resocratic,Qwen/Qwen3-8B,No Code Generated,0.0,,2.0,False,False,False,False,Agent output did not contain python tags.
resocratic_57,resocratic,Qwen/Qwen3-8B,No Code Generated,0.0,,30.0,False,False,False,False,Agent output did not contain python tags.
resocratic_58,resocratic,Qwen/Qwen3-8B,No Code Generated,0.0,,0.0,False,False,False,False,Agent output did not contain python tags.
resocratic_59,resocratic,Qwen/Qwen3-8B,No Code Generated,0.0,,40.0,False,False,False,False,Agent output did not contain python tags.
resocratic_60,resocratic,Qwen/Qwen3-8B,No Code Generated,0.0,,36.0,False,False,False,False,Agent output did not contain python tags.
resocratic_61,resocratic,Qwen/Qwen3-8B,No Code Generated,0.0,,150.0,False,False,False,False,Agent output did not contain python tags.
resocratic_62,resocratic,Qwen/Qwen3-8B,No Code Generated,0.0,,152000.0,False,False,False,False,Agent output did not contain python tags.
resocratic_63,resocratic,Qwen/Qwen3-8B,No Code Generated,0.0,,5.0,False,False,False,False,Agent output did not contain python tags.
resocratic_64,resocratic,Qwen/Qwen3-8B,No Code Generated,0.0,,250.0,False,False,False,False,Agent output did not contain python tags.
resocratic_65,resocratic,Qwen/Qwen3-8B,No Code Generated,0.0,,4.0,False,False,False,False,Agent output did not contain python tags.
resocratic_66,resocratic,Qwen/Qwen3-8B,Exception,0.0,,50000.0,False,False,False,False,[Errno 2] No such file or directory: 'python'
resocratic_67,resocratic,Qwen/Qwen3-8B,Exception,0.0,,5.0,False,False,False,False,[Errno 2] No such file or directory: 'python'
resocratic_68,resocratic,Qwen/Qwen3-8B,No Code Generated,0.0,,4.0,False,False,False,False,Agent output did not contain python tags.
resocratic_69,resocratic,Qwen/Qwen3-8B,No Code Generated,0.0,,142.0,False,False,False,False,Agent output did not contain python tags.
resocratic_70,resocratic,Qwen/Qwen3-8B,No Code Generated,0.0,,10.571142284569138,False,False,False,False,Agent output did not contain python tags.
resocratic_71,resocratic,Qwen/Qwen3-8B,No Code Generated,0.0,,5.0,False,False,False,False,Agent output did not contain python tags.
resocratic_72,resocratic,Qwen/Qwen3-8B,No Code Generated,0.0,,2.0,False,False,False,False,Agent output did not contain python tags.
resocratic_73,resocratic,Qwen/Qwen3-8B,Exception,0.0,,55.0,False,False,False,False,[Errno 2] No such file or directory: 'python'
resocratic_74,resocratic,Qwen/Qwen3-8B,Exception,0.0,,2.0,False,False,False,False,[Errno 2] No such file or directory: 'python'
resocratic_75,resocratic,Qwen/Qwen3-8B,No Code Generated,0.0,,0.0,False,False,False,False,Agent output did not contain python tags.
resocratic_76,resocratic,Qwen/Qwen3-8B,No Code Generated,0.0,,1.0,False,False,False,False,Agent output did not contain python tags.
resocratic_77,resocratic,Qwen/Qwen3-8B,No Code Generated,0.0,,150.0,False,False,False,False,Agent output did not contain python tags.
resocratic_78,resocratic,Qwen/Qwen3-8B,No Code Generated,0.0,,4750.0,False,False,False,False,Agent output did not contain python tags.
resocratic_79,resocratic,Qwen/Qwen3-8B,Exception,0.0,,36.0,False,False,False,False,[Errno 2] No such file or directory: 'python'
resocratic_80,resocratic,Qwen/Qwen3-8B,No Code Generated,0.0,,201.0,False,False,False,False,Agent output did not contain python tags.
resocratic_81,resocratic,Qwen/Qwen3-8B,Exception,0.0,,0.0,False,False,False,False,[Errno 2] No such file or directory: 'python'
resocratic_82,resocratic,Qwen/Qwen3-8B,Exception,0.0,,22.0,False,False,False,False,[Errno 2] No such file or directory: 'python'
resocratic_83,resocratic,Qwen/Qwen3-8B,Exception,0.0,,33.333333,False,False,False,False,[Errno 2] No such file or directory: 'python'
resocratic_84,resocratic,Qwen/Qwen3-8B,Exception,0.0,,1.0,False,False,False,False,[Errno 2] No such file or directory: 'python'
resocratic_85,resocratic,Qwen/Qwen3-8B,No Code Generated,0.0,,0.0,False,False,False,False,Agent output did not contain python tags.
resocratic_86,resocratic,Qwen/Qwen3-8B,No Code Generated,0.0,,10382.436,False,False,False,False,Agent output did not contain python tags.
resocratic_87,resocratic,Qwen/Qwen3-8B,No Code Generated,0.0,,6.0,False,False,False,False,Agent output did not contain python tags.
resocratic_88,resocratic,Qwen/Qwen3-8B,No Code Generated,0.0,,12.599210495162833,False,False,False,False,Agent output did not contain python tags.
resocratic_89,resocratic,Qwen/Qwen3-8B,No Code Generated,0.0,,10.571142284569138,False,False,False,False,Agent output did not contain python tags.
resocratic_90,resocratic,Qwen/Qwen3-8B,No Code Generated,0.0,,2.285448517936186,False,False,False,False,Agent output did not contain python tags.
resocratic_91,resocratic,Qwen/Qwen3-8B,No Code Generated,0.0,,100.0,False,False,False,False,Agent output did not contain python tags.
resocratic_92,resocratic,Qwen/Qwen3-8B,No Code Generated,0.0,,400.0,False,False,False,False,Agent output did not contain python tags.
resocratic_93,resocratic,Qwen/Qwen3-8B,No Code Generated,0.0,,4.0,False,False,False,False,Agent output did not contain python tags.
resocratic_94,resocratic,Qwen/Qwen3-8B,Exception,0.0,,5.0,False,False,False,False,[Errno 2] No such file or directory: 'python'
resocratic_95,resocratic,Qwen/Qwen3-8B,No Code Generated,0.0,,90.0,False,False,False,False,Agent output did not contain python tags.
resocratic_96,resocratic,Qwen/Qwen3-8B,No Code Generated,0.0,,50000.0,False,False,False,False,Agent output did not contain python tags.
resocratic_97,resocratic,Qwen/Qwen3-8B,No Code Generated,0.0,,4750.0,False,False,False,False,Agent output did not contain python tags.
resocratic_98,resocratic,Qwen/Qwen3-8B,Exception,0.0,,158.0,False,False,False,False,[Errno 2] No such file or directory: 'python'
resocratic_99,resocratic,Qwen/Qwen3-8B,No Code Generated,0.0,,4.401840938682219,False,False,False,False,Agent output did not contain python tags.
optmath_0,optmath,Qwen/Qwen3-8B,Exception,0.0,,25.0,False,False,False,False,[Errno 2] No such file or directory: 'python'
optmath_1,optmath,Qwen/Qwen3-8B,No Code Generated,0.0,,0.0,False,False,False,False,Agent output did not contain python tags.
optmath_2,optmath,Qwen/Qwen3-8B,No Code Generated,0.0,,1204.0,False,False,False,False,Agent output did not contain python tags.
optmath_3,optmath,Qwen/Qwen3-8B,Exception,0.0,,22.0,False,False,False,False,[Errno 2] No such file or directory: 'python'
optmath_4,optmath,Qwen/Qwen3-8B,No Code Generated,0.0,,7364.0,False,False,False,False,Agent output did not contain python tags.
optmath_5,optmath,Qwen/Qwen3-8B,No Code Generated,0.0,,0.0,False,False,False,False,Agent output did not contain python tags.
optmath_6,optmath,Qwen/Qwen3-8B,No Code Generated,0.0,,34.0,False,False,False,False,Agent output did not contain python tags.
optmath_7,optmath,Qwen/Qwen3-8B,No Code Generated,0.0,,29.0,False,False,False,False,Agent output did not contain python tags.
optmath_8,optmath,Qwen/Qwen3-8B,No Code Generated,0.0,,1062.0,False,False,False,False,Agent output did not contain python tags.
optmath_9,optmath,Qwen/Qwen3-8B,No Code Generated,0.0,,402943.0,False,False,False,False,Agent output did not contain python tags.
optmath_10,optmath,Qwen/Qwen3-8B,No Code Generated,0.0,,32.0,False,False,False,False,Agent output did not contain python tags.
optmath_11,optmath,Qwen/Qwen3-8B,No Code Generated,0.0,,0.0,False,False,False,False,Agent output did not contain python tags.
optmath_12,optmath,Qwen/Qwen3-8B,No Code Generated,0.0,,35.0,False,False,False,False,Agent output did not contain python tags.
optmath_13,optmath,Qwen/Qwen3-8B,No Code Generated,0.0,,0.0,False,False,False,False,Agent output did not contain python tags.
optmath_14,optmath,Qwen/Qwen3-8B,No Code Generated,0.0,,17.0,False,False,False,False,Agent output did not contain python tags.
optmath_15,optmath,Qwen/Qwen3-8B,No Code Generated,0.0,,42.0,False,False,False,False,Agent output did not contain python tags.
optmath_16,optmath,Qwen/Qwen3-8B,No Code Generated,0.0,,0.0,False,False,False,False,Agent output did not contain python tags.
optmath_17,optmath,Qwen/Qwen3-8B,No Code Generated,0.0,,0.0,False,False,False,False,Agent output did not contain python tags.
optmath_18,optmath,Qwen/Qwen3-8B,No Code Generated,0.0,,0.0,False,False,False,False,Agent output did not contain python tags.
optmath_19,optmath,Qwen/Qwen3-8B,No Code Generated,0.0,,29.0,False,False,False,False,Agent output did not contain python tags.
optmath_20,optmath,Qwen/Qwen3-8B,No Code Generated,0.0,,15.0,False,False,False,False,Agent output did not contain python tags.
optmath_21,optmath,Qwen/Qwen3-8B,Exception,0.0,,36.0,False,False,False,False,[Errno 2] No such file or directory: 'python'
optmath_22,optmath,Qwen/Qwen3-8B,No Code Generated,0.0,,28.0,False,False,False,False,Agent output did not contain python tags.
optmath_23,optmath,Qwen/Qwen3-8B,No Code Generated,0.0,,13033.0,False,False,False,False,Agent output did not contain python tags.
optmath_24,optmath,Qwen/Qwen3-8B,No Code Generated,0.0,,113803.0,False,False,False,False,Agent output did not contain python tags.
optmath_25,optmath,Qwen/Qwen3-8B,No Code Generated,0.0,,493.0,False,False,False,False,Agent output did not contain python tags.
optmath_26,optmath,Qwen/Qwen3-8B,No Code Generated,0.0,,875.0,False,False,False,False,Agent output did not contain python tags.
optmath_27,optmath,Qwen/Qwen3-8B,No Code Generated,0.0,,0.0,False,False,False,False,Agent output did not contain python tags.
optmath_28,optmath,Qwen/Qwen3-8B,No Code Generated,0.0,,5.0,False,False,False,False,Agent output did not contain python tags.
optmath_29,optmath,Qwen/Qwen3-8B,No Code Generated,0.0,,1987.0,False,False,False,False,Agent output did not contain python tags.
optmath_30,optmath,Qwen/Qwen3-8B,No Code Generated,0.0,,5.0,False,False,False,False,Agent output did not contain python tags.
optmath_31,optmath,Qwen/Qwen3-8B,No Code Generated,0.0,,3.0,False,False,False,False,Agent output did not contain python tags.
optmath_32,optmath,Qwen/Qwen3-8B,No Code Generated,0.0,,13022.0,False,False,False,False,Agent output did not contain python tags.
optmath_33,optmath,Qwen/Qwen3-8B,No Code Generated,0.0,,1766.0,False,False,False,False,Agent output did not contain python tags.
optmath_34,optmath,Qwen/Qwen3-8B,No Code Generated,0.0,,122457.0,False,False,False,False,Agent output did not contain python tags.
optmath_35,optmath,Qwen/Qwen3-8B,Exception,0.0,,3.0,False,False,False,False,[Errno 2] No such file or directory: 'python'
optmath_36,optmath,Qwen/Qwen3-8B,No Code Generated,0.0,,7.0,False,False,False,False,Agent output did not contain python tags.
optmath_37,optmath,Qwen/Qwen3-8B,Exception,0.0,,67501.0,False,False,False,False,[Errno 2] No such file or directory: 'python'
optmath_38,optmath,Qwen/Qwen3-8B,No Code Generated,0.0,,4.0,False,False,False,False,Agent output did not contain python tags.
optmath_39,optmath,Qwen/Qwen3-8B,Exception,0.0,,7.0,False,False,False,False,[Errno 2] No such file or directory: 'python'
optmath_40,optmath,Qwen/Qwen3-8B,No Code Generated,0.0,,87.0,False,False,False,False,Agent output did not contain python tags.
optmath_41,optmath,Qwen/Qwen3-8B,No Code Generated,0.0,,49.0,False,False,False,False,Agent output did not contain python tags.
optmath_42,optmath,Qwen/Qwen3-8B,No Code Generated,0.0,,5.0,False,False,False,False,Agent output did not contain python tags.
optmath_43,optmath,Qwen/Qwen3-8B,No Code Generated,0.0,,9.0,False,False,False,False,Agent output did not contain python tags.
optmath_44,optmath,Qwen/Qwen3-8B,Exception,0.0,,3320.0,False,False,False,False,[Errno 2] No such file or directory: 'python'
optmath_45,optmath,Qwen/Qwen3-8B,No Code Generated,0.0,,127.0,False,False,False,False,Agent output did not contain python tags.
optmath_46,optmath,Qwen/Qwen3-8B,Exception,0.0,,62.0,False,False,False,False,[Errno 2] No such file or directory: 'python'
optmath_47,optmath,Qwen/Qwen3-8B,No Code Generated,0.0,,5464.0,False,False,False,False,Agent output did not contain python tags.
optmath_48,optmath,Qwen/Qwen3-8B,No Code Generated,0.0,,7.0,False,False,False,False,Agent output did not contain python tags.
optmath_49,optmath,Qwen/Qwen3-8B,No Code Generated,0.0,,20.0,False,False,False,False,Agent output did not contain python tags.
optmath_50,optmath,Qwen/Qwen3-8B,No Code Generated,0.0,,3.0,False,False,False,False,Agent output did not contain python tags.
optmath_51,optmath,Qwen/Qwen3-8B,No Code Generated,0.0,,153.0,False,False,False,False,Agent output did not contain python tags.
optmath_52,optmath,Qwen/Qwen3-8B,No Code Generated,0.0,,919.3047225564642,False,False,False,False,Agent output did not contain python tags.
optmath_53,optmath,Qwen/Qwen3-8B,Exception,0.0,,4.0,False,False,False,False,[Errno 2] No such file or directory: 'python'
optmath_54,optmath,Qwen/Qwen3-8B,No Code Generated,0.0,,118976.0,False,False,False,False,Agent output did not contain python tags.
optmath_55,optmath,Qwen/Qwen3-8B,Exception,0.0,,714.0,False,False,False,False,[Errno 2] No such file or directory: 'python'
optmath_56,optmath,Qwen/Qwen3-8B,No Code Generated,0.0,,3.0,False,False,False,False,Agent output did not contain python tags.
optmath_57,optmath,Qwen/Qwen3-8B,No Code Generated,0.0,,4.0,False,False,False,False,Agent output did not contain python tags.
optmath_58,optmath,Qwen/Qwen3-8B,No Code Generated,0.0,,67.0,False,False,False,False,Agent output did not contain python tags.
optmath_59,optmath,Qwen/Qwen3-8B,Exception,0.0,,3.0,False,False,False,False,[Errno 2] No such file or directory: 'python'
optmath_60,optmath,Qwen/Qwen3-8B,No Code Generated,0.0,,46.0,False,False,False,False,Agent output did not contain python tags.
optmath_61,optmath,Qwen/Qwen3-8B,No Code Generated,0.0,,6.0,False,False,False,False,Agent output did not contain python tags.
optmath_62,optmath,Qwen/Qwen3-8B,No Code Generated,0.0,,4.0,False,False,False,False,Agent output did not contain python tags.
optmath_63,optmath,Qwen/Qwen3-8B,No Code Generated,0.0,,1741.0,False,False,False,False,Agent output did not contain python tags.
optmath_64,optmath,Qwen/Qwen3-8B,No Code Generated,0.0,,856.1453747955272,False,False,False,False,Agent output did not contain python tags.
optmath_65,optmath,Qwen/Qwen3-8B,Exception,0.0,,1988.0,False,False,False,False,[Errno 2] No such file or directory: 'python'
optmath_66,optmath,Qwen/Qwen3-8B,No Code Generated,0.0,,124268.0,False,False,False,False,Agent output did not contain python tags.
optmath_67,optmath,Qwen/Qwen3-8B,No Code Generated,0.0,,564.4326342045792,False,False,False,False,Agent output did not contain python tags.
optmath_68,optmath,Qwen/Qwen3-8B,No Code Generated,0.0,,175371.0,False,False,False,False,Agent output did not contain python tags.
optmath_69,optmath,Qwen/Qwen3-8B,No Code Generated,0.0,,135.0,False,False,False,False,Agent output did not contain python tags.
optmath_70,optmath,Qwen/Qwen3-8B,No Code Generated,0.0,,252401.0,False,False,False,False,Agent output did not contain python tags.
optmath_71,optmath,Qwen/Qwen3-8B,No Code Generated,0.0,,16.0,False,False,False,False,Agent output did not contain python tags.
optmath_72,optmath,Qwen/Qwen3-8B,No Code Generated,0.0,,69.0,False,False,False,False,Agent output did not contain python tags.
optmath_73,optmath,Qwen/Qwen3-8B,Exception,0.0,,46.0,False,False,False,False,[Errno 2] No such file or directory: 'python'
optmath_74,optmath,Qwen/Qwen3-8B,No Code Generated,0.0,,4373.0,False,False,False,False,Agent output did not contain python tags.
optmath_75,optmath,Qwen/Qwen3-8B,No Code Generated,0.0,,889.1372720402694,False,False,False,False,Agent output did not contain python tags.
optmath_76,optmath,Qwen/Qwen3-8B,Exception,0.0,,4.0,False,False,False,False,[Errno 2] No such file or directory: 'python'
optmath_77,optmath,Qwen/Qwen3-8B,No Code Generated,0.0,,237394.0,False,False,False,False,Agent output did not contain python tags.
optmath_78,optmath,Qwen/Qwen3-8B,No Code Generated,0.0,,5116.0,False,False,False,False,Agent output did not contain python tags.
optmath_79,optmath,Qwen/Qwen3-8B,No Code Generated,0.0,,4014.0,False,False,False,False,Agent output did not contain python tags.
optmath_80,optmath,Qwen/Qwen3-8B,No Code Generated,0.0,,3.0,False,False,False,False,Agent output did not contain python tags.
optmath_81,optmath,Qwen/Qwen3-8B,No Code Generated,0.0,,65.0,False,False,False,False,Agent output did not contain python tags.
optmath_82,optmath,Qwen/Qwen3-8B,Exception,0.0,,42.0,False,False,False,False,[Errno 2] No such file or directory: 'python'
optmath_83,optmath,Qwen/Qwen3-8B,No Code Generated,0.0,,104087.0,False,False,False,False,Agent output did not contain python tags.
optmath_84,optmath,Qwen/Qwen3-8B,No Code Generated,0.0,,443.0,False,False,False,False,Agent output did not contain python tags.
optmath_85,optmath,Qwen/Qwen3-8B,No Code Generated,0.0,,72.0,False,False,False,False,Agent output did not contain python tags.
optmath_86,optmath,Qwen/Qwen3-8B,Exception,0.0,,4.0,False,False,False,False,[Errno 2] No such file or directory: 'python'
optmath_87,optmath,Qwen/Qwen3-8B,No Code Generated,0.0,,108590.0,False,False,False,False,Agent output did not contain python tags.
optmath_88,optmath,Qwen/Qwen3-8B,Exception,0.0,,0.0,False,False,False,False,[Errno 2] No such file or directory: 'python'
optmath_89,optmath,Qwen/Qwen3-8B,No Code Generated,0.0,,45.0,False,False,False,False,Agent output did not contain python tags.
optmath_90,optmath,Qwen/Qwen3-8B,No Code Generated,0.0,,46.0,False,False,False,False,Agent output did not contain python tags.
optmath_91,optmath,Qwen/Qwen3-8B,No Code Generated,0.0,,541.0,False,False,False,False,Agent output did not contain python tags.
optmath_92,optmath,Qwen/Qwen3-8B,Exception,0.0,,4.0,False,False,False,False,[Errno 2] No such file or directory: 'python'
optmath_93,optmath,Qwen/Qwen3-8B,Exception,0.0,,1741.0,False,False,False,False,[Errno 2] No such file or directory: 'python'
optmath_94,optmath,Qwen/Qwen3-8B,No Code Generated,0.0,,123542.0,False,False,False,False,Agent output did not contain python tags.
optmath_95,optmath,Qwen/Qwen3-8B,No Code Generated,0.0,,763.2675651474576,False,False,False,False,Agent output did not contain python tags.
optmath_96,optmath,Qwen/Qwen3-8B,No Code Generated,0.0,,5.0,False,False,False,False,Agent output did not contain python tags.
optmath_97,optmath,Qwen/Qwen3-8B,No Code Generated,0.0,,3.0,False,False,False,False,Agent output did not contain python tags.
optmath_98,optmath,Qwen/Qwen3-8B,Exception,0.0,,48.0,False,False,False,False,[Errno 2] No such file or directory: 'python'
optmath_99,optmath,Qwen/Qwen3-8B,Exception,0.0,,5.0,False,False,False,False,[Errno 2] No such file or directory: 'python'
